PETRB245,
PETRN245,
PETRB395,
PETRN395,
PETRB100,
PETRN100,
PETRB114,
PETRN114,
PETRB129,
PETRN129,
PETRB127,
PETRN127,
PETRB134,
PETRN134,
PETRB139,
PETRN139,
PETRB147,
PETRN147,
PETRB149,
PETRN149,
PETRB154,
PETRN154,
PETRB157,
PETRN157,
PETRB159,
PETRN159,
PETRB162,
PETRN162,
PETRB174,
PETRN174,
PETRB167,
PETRN167,
PETRB169,
PETRN169,
PETRB17,
PETRN17,
PETRB177,
PETRN177,
PETRB201,
PETRN201,
PETRB204,
PETRN204,
PETRB25,
PETRN25,
PETRB265,
PETRN265,
PETRB224,
PETRN224,
PETRB242,
PETRN242,
PETRB285,
PETRN285,
PETRB227,
PETRN227,
PETRB232,
PETRN232,
PETRB237,
PETRN237,
PETRB244,
PETRN244,
PETRB249,
PETRN249,
PETRB252,
PETRN252,
PETRB254,
PETRN254,
PETRB264,
PETRN264,
PETRB269,
PETRN269,
PETRB272,
PETRN272,
PETRB274,
PETRN274,
PETRB277,
PETRN277,
PETRB289,
PETRN289,
PETRB282,
PETRN282,
PETRB284,
PETRN284,
PETRB288,
PETRN288,
PETRB294,
PETRN294,
PETRB297,
PETRN297,
PETRB299,
PETRN299,
PETRB304,
PETRN304,
PETRB309,
PETRN309,
PETRB311,
PETRN311,
PETRB314,
PETRN314,
PETRB317,
PETRN317,
PETRB319,
PETRN319,
PETRB322,
PETRN322,
PETRB385,
PETRN385,
PETRB329,
PETRN329,
PETRB334,
PETRN334,
PETRB336,
PETRN336,
PETRB339,
PETRN339,
PETRB342,
PETRN342,
PETRB344,
PETRN344,
PETRB347,
PETRN347,
PETRB349,
PETRN349,
PETRB40,
PETRN40,
PETRB354,
PETRN354,
PETRB357,
PETRN357,
PETRB369,
PETRN369,
PETRB362,
PETRN362,
PETRB364,
PETRN364,
PETRB367,
PETRN367,
PETRB379,
PETRN379,
PETRB372,
PETRN372,
PETRB374,
PETRN374,
PETRB377,
PETRN377,
PETRB389,
PETRN389,
PETRB382,
PETRN382,
PETRB384,
PETRN384,
PETRB387,
PETRN387,
PETRB38,
PETRN38,
PETRB392,
PETRN392,
PETRB394,
PETRN394,
PETRB397,
PETRN397,
PETRB399,
PETRN399,
PETRB402,
PETRN402,
PETRB404,
PETRN404,
PETRB407,
PETRN407,
PETRB409,
PETRN409,
PETRB412,
PETRN412,
PETRB414,
PETRN414,
PETRB416,
PETRN416,
PETRB419,
PETRN419,
PETRB421,
PETRN421,
PETRB424,
PETRN424,
PETRB426,
PETRN426,
PETRB429,
PETRN429,
PETRB431,
PETRN431,
PETRB434,
PETRN434,
PETRB436,
PETRN436,
PETRB439,
PETRN439,
PETRB441,
PETRN441,
PETRB444,
PETRN444,
PETRB446,
PETRN446,
PETRB449,
PETRN449,
PETRB451,
PETRN451,
PETRB454,
PETRN454,
PETRB456,
PETRN456,
PETRB459,
PETRN459,
PETRB461,
PETRN461,
PETRB464,
PETRN464,
PETRB466,
PETRN466,
PETRB469,
PETRN469,
PETRB471,
PETRN471,
PETRB474,
PETRN474,
PETRB476,
PETRN476,
PETRB479,
PETRN479,
PETRB481,
PETRN481,
PETRB484,
PETRN484,
PETRB486,
PETRN486,
PETRB489,
PETRN489,
PETRB491,
PETRN491,
PETRB494,
PETRN494,
PETRB496,
PETRN496,
PETRB499,
PETRN499,
PETRB502,
PETRN502,
PETRB507,
PETRN507,
PETRB512,
PETRN512,
PETRB517,
PETRN517,
PETRB522,
PETRN522,
PETRB527,
PETRN527,
PETRB532,
PETRN532,
PETRB537,
PETRN537,
PETRB552,
