PETRK900,
PETRW900,
PETRK113,
PETRW113,
PETRK118,
PETRW118,
PETRK123,
PETRW123,
PETRK148,
PETRW148,
PETRK161,
PETRW161,
PETRK171,
PETRW171,
PETRK227,
PETRW227,
PETRK25,
PETRW25,
PETRK261,
PETRW261,
PETRK264,
PETRW264,
PETRK266,
PETRW266,
PETRK269,
PETRW269,
PETRK271,
PETRW271,
PETRK274,
PETRW274,
PETRK276,
PETRW276,
PETRK279,
PETRW279,
PETRK281,
PETRW281,
PETRK284,
PETRW284,
PETRK286,
PETRW286,
PETRK289,
PETRW289,
PETRK291,
PETRW291,
PETRK294,
PETRW294,
PETRK296,
PETRW296,
PETRK299,
PETRW299,
PETRK301,
PETRW301,
PETRK304,
PETRW304,
PETRK306,
PETRW306,
PETRK309,
PETRW309,
PETRK311,
PETRW311,
PETRK314,
PETRW314,
PETRK316,
PETRW316,
PETRK319,
PETRW319,
PETRK321,
PETRW321,
PETRK324,
PETRW324,
PETRK326,
PETRW326,
PETRK329,
PETRW329,
PETRK331,
PETRW331,
PETRK334,
PETRW334,
PETRK336,
PETRW336,
PETRK339,
PETRW339,
PETRK341,
PETRW341,
PETRK344,
PETRW344,
PETRK346,
PETRW346,
PETRK349,
PETRW349,
PETRK351,
PETRW351,
PETRK354,
PETRW354,
PETRK356,
PETRW356,
PETRK359,
PETRW359,
PETRK361,
PETRW361,
PETRK364,
PETRW364,
PETRK366,
PETRW366,
PETRK369,
PETRW369,
PETRK371,
PETRW371,
PETRK374,
PETRW374,
PETRK376,
PETRW376,
PETRK379,
PETRW379,
PETRK381,
PETRW381,
PETRK384,
PETRW384,
PETRK386,
PETRW386,
PETRK389,
PETRW389,
PETRK391,
PETRW391,
PETRK394,
PETRW394,
PETRK396,
PETRW396,
PETRK399,
PETRW399,
PETRK401,
PETRW401,
PETRK404,
PETRW404,
PETRK406,
PETRW406,
PETRK409,
PETRW409,
PETRK411,
PETRW411,
PETRK414,
PETRW414,
PETRK416,
PETRW416,
PETRK419,
PETRW419,
PETRK421,
PETRW421,
PETRK424,
PETRW424,
PETRK426,
PETRW426,
PETRK429,
PETRW429,
PETRK431,
PETRW431,
PETRK434,
PETRW434,
PETRK436,
PETRW436,
PETRK439,
PETRW439,
PETRK441,
PETRW441,
PETRK444,
PETRW444,
PETRK446,
PETRW446,
PETRK449,
PETRW449,
PETRK451,
PETRW451,
PETRK454,
PETRW454,
PETRK456,
PETRW456,
PETRK459,
PETRW459,
PETRK461,
PETRW461,
PETRK464,
PETRW464,
PETRK466,
PETRW466,
PETRK469,
PETRW469,
PETRK471,
PETRW471,
PETRK474,
PETRW474,
PETRK476,
PETRW476,
PETRK43,
PETRW43,
PETRK470,
PETRW470,
PETRK475,
PETRW475,
PETRK481,
PETRW481,
PETRK486,
PETRW486,
PETRK491,
PETRW491,
PETRK493,
PETRW493,
PETRK496,
PETRW496,
PETRK596,
PETRW596,
PETRK606,
PETRW606,
PETRJ463,
PETRV463,
PETRJ468,
PETRV468,
PETRJ506,
PETRV506,
PETRJ544,
PETRV544,
PETRJ536,
PETRV536,
PETRJ596,
PETRV596,
