VALEL325,
VALEX325,
VALEL328,
VALEX328,
VALEL468,
VALEX468,
VALEL470,
VALEX470,
VALEL473,
VALEX473,
VALEL475,
VALEX475,
VALEL478,
VALEX478,
VALEL480,
VALEX480,
VALEL483,
VALEX483,
VALEL485,
VALEX485,
VALEL488,
VALEX488,
VALEL490,
VALEX490,
VALEL493,
VALEX493,
VALEL495,
VALEX495,
VALEL498,
VALEX498,
VALEL503,
VALEX503,
VALEL508,
VALEX508,
VALEL513,
VALEX513,
VALEL518,
VALEX518,
VALEL523,
VALEX523,
VALEL528,
VALEX528,
VALEL533,
VALEX533,
VALEL538,
VALEX538,
VALEL570,
VALEX570,
VALEL548,
VALEX548,
VALEL553,
VALEX553,
VALEL558,
VALEX558,
VALEL563,
VALEX563,
VALEL568,
VALEX568,
VALEL573,
VALEX573,
VALEL605,
VALEX605,
VALEL610,
VALEX610,
VALEL615,
VALEX615,
VALEL620,
VALEX620,
VALEL625,
VALEX625,
VALEL669,
VALEX669,
VALEL635,
VALEX635,
VALEL640,
VALEX640,
VALEL645,
VALEX645,
VALEL650,
VALEX650,
VALEL655,
VALEX655,
VALEL699,
VALEX699,
VALEL704,
VALEX704,
VALEL670,
VALEX670,
VALEL675,
VALEX675,
VALEL680,
VALEX680,
VALEL685,
VALEX685,
VALEL690,
VALEX690,
VALEL695,
VALEX695,
VALEL700,
VALEX700,
VALEL705,
VALEX705,
VALEL749,
VALEX749,
VALEL754,
VALEX754,
VALEL720,
VALEX720,
VALEL725,
VALEX725,
VALEL730,
VALEX730,
VALEL735,
VALEX735,
VALEL740,
VALEX740,
VALEL745,
VALEX745,
VALEL750,
VALEX750,
VALEL755,
VALEX755,
VALEL760,
VALEX760,
VALEL765,
VALEX765,
VALEL770,
VALEX770,
VALEL775,
VALEX775,
VALEL780,
VALEX780,
VALEL785,
VALEX785,
VALEL812,
VALEX812,
VALEL795,
VALEX795,
VALEL860,
VALEX860,
VALEL805,
VALEX805,
VALEL810,
VALEX810,
VALEL815,
VALEX815,
VALEL820,
VALEX820,
VALEL825,
VALEX825,
VALEL830,
VALEX830,
VALEL835,
VALEX835,
VALEL840,
VALEX840,
VALEL902,
VALEX902,
VALEL907,
VALEX907,
VALEL855,
VALEX855,
VALEL86,
VALEX86,
VALEL865,
VALEX865,
VALEL843,
VALEX843,
VALEL848,
VALEX848,
VALEL853,
VALEX853,
VALEL858,
VALEX858,
VALEL863,
VALEX863,
VALEL868,
VALEX868,
VALEL873,
VALEX873,
VALEL905,
VALEX905,
VALEL949,
VALEX949,
VALEL95,
VALEX95,
VALEL13,
VALEX13,
VALEL8,
VALEX8,
VALEL111,
VALEX111,
VALEL11,
VALEX11,
VALEL112,
VALEX112,
VALEL113,
VALEX113,
VALEL120,
VALEX120,
VALEL124,
VALEX124,
VALEL290,
VALEX290,
VALEL295,
VALEX295,
VALEL300,
VALEX300,
