BOVAD500,
BOVAP500,
BOVAD550,
BOVAP550,
BOVAD590,
BOVAP590,
BOVAD600,
BOVAP600,
BOVAD610,
BOVAP610,
BOVAD620,
BOVAP620,
BOVAD630,
BOVAP630,
BOVAD640,
BOVAP640,
BOVAD650,
BOVAP650,
BOVAD660,
BOVAP660,
BOVAD670,
BOVAP670,
BOVAD680,
BOVAP680,
BOVAD690,
BOVAP690,
BOVAD700,
BOVAP700,
BOVAD705,
BOVAP705,
BOVAD710,
BOVAP710,
BOVAD720,
BOVAP720,
BOVAD730,
BOVAP730,
BOVAD740,
BOVAP740,
BOVAD750,
BOVAP750,
BOVAD760,
BOVAP760,
BOVAD770,
BOVAP770,
BOVAD780,
BOVAP780,
BOVAD790,
BOVAP790,
BOVAD80,
BOVAP80,
BOVAD810,
BOVAP810,
BOVAD820,
BOVAP820,
BOVAD830,
BOVAP830,
BOVAD840,
BOVAP840,
BOVAD850,
BOVAP850,
BOVAD860,
BOVAP860,
BOVAD870,
BOVAP870,
BOVAD880,
BOVAP880,
BOVAD890,
BOVAP890,
BOVAD899,
BOVAP899,
BOVAD910,
BOVAP910,
BOVAD920,
BOVAP920,
BOVAD930,
BOVAP930,
BOVAD940,
BOVAP940,
BOVAD950,
BOVAP950,
BOVAD960,
BOVAP960,
BOVAD970,
BOVAP970,
BOVAD975,
BOVAP975,
BOVAD980,
BOVAP980,
BOVAD985,
BOVAP985,
BOVAD990,
BOVAP990,
BOVAD995,
BOVAP995,
BOVAD10,
BOVAP10,
BOVAD101,
BOVAP101,
BOVAD102,
BOVAP102,
BOVAD103,
BOVAP103,
BOVAD104,
BOVAP104,
BOVAD1,
BOVAP1,
BOVAD106,
BOVAP106,
BOVAD107,
BOVAP107,
BOVAD2,
BOVAP2,
BOVAD108,
BOVAP108,
BOVAD109,
BOVAP109,
BOVAD111,
BOVAP111,
BOVAD112,
BOVAP112,
BOVAD113,
BOVAP113,
BOVAD114,
BOVAP114,
BOVAD11,
BOVAP11,
BOVAD116,
BOVAP116,
BOVAD117,
BOVAP117,
BOVAD118,
BOVAP118,
BOVAD119,
BOVAP119,
BOVAD12,
BOVAP12,
BOVAD3,
BOVAP3,
BOVAD4,
BOVAP4,
BOVAD5,
BOVAP5,
BOVAD124,
BOVAP124,
BOVAD25,
BOVAP25,
BOVAD125,
BOVAP125,
BOVAD126,
BOVAP126,
BOVAD128,
BOVAP128,
BOVAD6,
BOVAP6,
BOVAD130,
BOVAP130,
BOVAD131,
BOVAP131,
BOVAD132,
BOVAP132,
BOVAD133,
BOVAP133,
BOVAD134,
BOVAP134,
BOVAD135,
BOVAP135,
BOVAD136,
BOVAP136,
BOVAD137,
BOVAP137,
BOVAD138,
BOVAP138,
BOVAD139,
BOVAP139,
BOVAD40,
BOVAP40,
BOVAD141,
BOVAP141,
BOVAD142,
BOVAP142,
BOVAD143,
BOVAP143,
BOVAD144,
BOVAP144,
BOVAD145,
BOVAP145,
BOVAD146,
BOVAP146,
BOVAD147,
BOVAP147,
BOVAD148,
BOVAP148,
BOVAD149,
BOVAP149,
BOVAD15,
BOVAP15,
BOVAD152,
BOVAP152,
BOVAD154,
BOVAP154,
BOVAD156,
BOVAP156,
BOVAD158,
BOVAP158,
BOVAD16,
BOVAP16,
BOVAD162,
BOVAP162,
BOVAD163,
BOVAP163,
BOVAD164,
BOVAP164,
BOVAD166,
BOVAP166,
BOVAD168,
BOVAP168,
BOVAD170,
BOVAP170,
BOVAD171,
BOVAP171,
BOVAD172,
BOVAP172,
BOVAD174,
BOVAP174,
BOVAD176,
BOVAP176,
BOVAD178,
BOVAP178,
BOVAD180,
BOVAP180,
BOVAD182,
BOVAP182,
BOVAD184,
BOVAP184,
BOVAD186,
BOVAP186,
BOVAD188,
BOVAP188,
BOVAD190,
BOVAP190,
BOVAD192,
BOVAP192,
BOVAD194,
BOVAP194,
BOVAD195,
BOVAP195,
BOVAD196,
BOVAP196,
BOVAD198,
BOVAP198,
BOVAD199,
BOVAP199,
BOVAD220,
BOVAP220,
BOVAD250,
BOVAP250,
BOVAD270,
BOVAP270,
BOVAD290,
