BOVAJ500,
BOVAV500,
BOVAJ550,
BOVAV550,
BOVAJ600,
BOVAV600,
BOVAJ650,
BOVAV650,
BOVAJ700,
BOVAV700,
BOVAJ750,
BOVAV750,
BOVAJ800,
BOVAV800,
BOVAJ810,
BOVAV810,
BOVAJ820,
BOVAV820,
BOVAJ830,
BOVAV830,
BOVAJ840,
BOVAV840,
BOVAJ850,
BOVAV850,
BOVAJ860,
BOVAV860,
BOVAJ870,
BOVAV870,
BOVAJ880,
BOVAV880,
BOVAJ890,
BOVAV890,
BOVAJ900,
BOVAV900,
BOVAJ910,
BOVAV910,
BOVAJ920,
BOVAV920,
BOVAJ930,
BOVAV930,
BOVAJ940,
BOVAV940,
BOVAJ950,
BOVAV950,
BOVAJ960,
BOVAV960,
BOVAJ970,
BOVAV970,
BOVAJ980,
BOVAV980,
BOVAJ100,
BOVAV100,
BOVAJ101,
BOVAV101,
BOVAJ102,
BOVAV102,
BOVAJ103,
BOVAV103,
BOVAJ104,
BOVAV104,
BOVAJ105,
BOVAV105,
BOVAJ106,
BOVAV106,
BOVAJ107,
BOVAV107,
BOVAJ108,
BOVAV108,
BOVAJ109,
BOVAV109,
BOVAJ110,
BOVAV110,
BOVAJ111,
BOVAV111,
BOVAJ112,
BOVAV112,
BOVAJ113,
BOVAV113,
BOVAJ114,
BOVAV114,
BOVAJ115,
BOVAV115,
BOVAJ116,
BOVAV116,
BOVAJ117,
BOVAV117,
BOVAJ118,
BOVAV118,
BOVAJ119,
BOVAV119,
BOVAJ12,
BOVAV12,
BOVAJ121,
BOVAV121,
BOVAJ22,
BOVAV22,
BOVAJ123,
BOVAV123,
BOVAJ124,
BOVAV124,
BOVAJ125,
BOVAV125,
BOVAJ126,
BOVAV126,
BOVAJ127,
BOVAV127,
BOVAJ128,
BOVAV128,
BOVAJ129,
BOVAV129,
BOVAJ130,
BOVAV130,
BOVAJ131,
BOVAV131,
BOVAJ132,
BOVAV132,
BOVAJ133,
BOVAV133,
BOVAJ134,
BOVAV134,
BOVAJ2,
BOVAV2,
BOVAJ136,
BOVAV136,
BOVAJ137,
BOVAV137,
BOVAJ138,
BOVAV138,
BOVAJ139,
BOVAV139,
BOVAJ140,
BOVAV140,
BOVAJ141,
BOVAV141,
BOVAJ142,
BOVAV142,
BOVAJ143,
BOVAV143,
BOVAJ3,
BOVAV3,
BOVAJ144,
BOVAV144,
BOVAJ146,
BOVAV146,
BOVAJ147,
BOVAV147,
BOVAJ148,
BOVAV148,
BOVAJ149,
BOVAV149,
BOVAJ155,
BOVAV155,
BOVAJ195,
BOVAV195,
