PETRJ151,
PETRV151,
PETRJ197,
PETRV197,
PETRJ15,
PETRV15,
PETRJ166,
PETRV166,
PETRJ188,
PETRV188,
PETRJ154,
PETRV154,
PETRJ205,
PETRV205,
PETRJ207,
PETRV207,
PETRJ164,
PETRV164,
PETRJ171,
PETRV171,
PETRJ193,
PETRV193,
PETRJ196,
PETRV196,
PETRJ230,
PETRV230,
PETRJ33,
PETRV33,
PETRJ19,
PETRV19,
PETRJ199,
PETRV199,
PETRJ240,
PETRV240,
PETRJ242,
PETRV242,
PETRJ245,
PETRV245,
PETRJ247,
PETRV247,
PETRJ250,
PETRV250,
PETRJ254,
PETRV254,
PETRJ209,
PETRV209,
PETRJ272,
PETRV272,
PETRJ214,
PETRV214,
PETRJ264,
PETRV264,
PETRJ280,
PETRV280,
PETRJ241,
PETRV241,
PETRJ294,
PETRV294,
PETRJ299,
PETRV299,
PETRJ301,
PETRV301,
PETRJ304,
PETRV304,
PETRJ306,
PETRV306,
PETRJ309,
PETRV309,
PETRJ311,
PETRV311,
PETRJ314,
PETRV314,
PETRJ316,
PETRV316,
PETRJ319,
PETRV319,
PETRJ321,
PETRV321,
PETRJ324,
PETRV324,
PETRJ326,
PETRV326,
PETRJ329,
PETRV329,
PETRJ331,
PETRV331,
PETRJ334,
PETRV334,
PETRJ336,
PETRV336,
PETRJ339,
PETRV339,
PETRJ341,
PETRV341,
PETRJ344,
PETRV344,
PETRJ346,
PETRV346,
PETRJ36,
PETRV36,
PETRJ351,
PETRV351,
PETRJ354,
PETRV354,
PETRJ356,
PETRV356,
PETRJ359,
PETRV359,
PETRJ361,
PETRV361,
PETRJ364,
PETRV364,
PETRJ366,
PETRV366,
PETRJ369,
PETRV369,
PETRJ371,
PETRV371,
PETRJ374,
PETRV374,
PETRJ376,
PETRV376,
PETRJ379,
PETRV379,
PETRJ381,
PETRV381,
PETRJ384,
PETRV384,
PETRJ386,
PETRV386,
PETRJ389,
PETRV389,
PETRJ391,
PETRV391,
PETRJ394,
PETRV394,
PETRJ396,
PETRV396,
PETRJ41,
PETRV41,
PETRJ401,
PETRV401,
PETRJ404,
PETRV404,
PETRJ406,
PETRV406,
PETRJ409,
PETRV409,
PETRJ411,
PETRV411,
PETRJ414,
PETRV414,
PETRJ416,
PETRV416,
PETRJ419,
PETRV419,
PETRJ421,
PETRV421,
PETRJ424,
PETRV424,
PETRJ426,
PETRV426,
PETRJ429,
PETRV429,
PETRJ431,
PETRV431,
PETRJ434,
PETRV434,
PETRJ436,
PETRV436,
PETRJ439,
PETRV439,
PETRJ441,
PETRV441,
PETRJ444,
PETRV444,
PETRJ446,
PETRV446,
PETRJ449,
PETRV449,
PETRJ451,
PETRV451,
PETRJ454,
PETRV454,
PETRJ456,
PETRV456,
PETRJ459,
PETRV459,
PETRJ461,
PETRV461,
PETRJ464,
PETRV464,
PETRJ466,
PETRV466,
PETRJ471,
PETRV471,
PETRJ476,
PETRV476,
PETRJ450,
PETRV450,
PETRJ481,
PETRV481,
PETRJ44,
PETRV44,
PETRJ486,
PETRV486,
PETRJ443,
PETRV443,
PETRJ453,
PETRV453,
PETRJ458,
PETRV458,
PETRJ463,
PETRV463,
PETRJ468,
PETRV468,
PETRJ506,
PETRV506,
PETRJ544,
PETRV544,
PETRJ536,
PETRV536,
PETRJ596,
PETRV596,
