VALEA423,
VALEM423,
VALEA425,
VALEM425,
VALEA428,
VALEM428,
VALEA430,
VALEM430,
VALEA433,
VALEM433,
VALEA435,
VALEM435,
VALEA438,
VALEM438,
VALEA440,
VALEM440,
VALEA443,
VALEM443,
VALEA445,
VALEM445,
VALEA448,
VALEM448,
VALEA450,
VALEM450,
VALEA453,
VALEM453,
VALEA473,
VALEM473,
VALEA475,
VALEM475,
VALEA478,
VALEM478,
VALEA480,
VALEM480,
VALEA483,
VALEM483,
VALEA485,
VALEM485,
VALEA488,
VALEM488,
VALEA490,
VALEM490,
VALEA493,
VALEM493,
VALEA495,
VALEM495,
VALEA479,
VALEM479,
VALEA500,
VALEM500,
VALEA484,
VALEM484,
VALEA505,
VALEM505,
VALEA489,
VALEM489,
VALEA510,
VALEM510,
VALEA494,
VALEM494,
VALEA515,
VALEM515,
VALEA520,
VALEM520,
VALEA525,
VALEM525,
VALEA59,
VALEM59,
VALEA601,
VALEM601,
VALEA540,
VALEM540,
VALEA545,
VALEM545,
VALEA55,
VALEM55,
VALEA555,
VALEM555,
VALEA560,
VALEM560,
VALEA565,
VALEM565,
VALEA570,
VALEM570,
VALEA575,
VALEM575,
VALEA58,
VALEM58,
VALEA585,
VALEM585,
VALEA590,
VALEM590,
VALEA595,
VALEM595,
VALEA600,
VALEM600,
VALEA605,
VALEM605,
VALEA610,
VALEM610,
VALEA615,
VALEM615,
VALEA62,
VALEM62,
VALEA625,
VALEM625,
VALEA630,
VALEM630,
VALEA635,
VALEM635,
VALEA640,
VALEM640,
VALEA645,
VALEM645,
VALEA65,
VALEM65,
VALEA655,
VALEM655,
VALEA660,
VALEM660,
VALEA693,
VALEM693,
VALEA670,
VALEM670,
VALEA675,
VALEM675,
VALEA68,
VALEM68,
VALEA685,
VALEM685,
VALEA690,
VALEM690,
VALEA723,
VALEM723,
VALEA700,
VALEM700,
VALEA705,
VALEM705,
VALEA71,
VALEM71,
VALEA715,
VALEM715,
VALEA720,
VALEM720,
VALEA725,
VALEM725,
VALEA730,
VALEM730,
VALEA763,
VALEM763,
VALEA740,
VALEM740,
VALEA745,
VALEM745,
VALEA75,
VALEM75,
VALEA755,
VALEM755,
VALEA760,
VALEM760,
VALEA765,
VALEM765,
VALEA770,
VALEM770,
VALEA775,
VALEM775,
VALEA78,
VALEM78,
VALEA768,
VALEM768,
VALEA773,
VALEM773,
VALEA778,
VALEM778,
VALEA783,
VALEM783,
VALEA788,
VALEM788,
VALEA793,
VALEM793,
VALEA798,
VALEM798,
VALEA803,
VALEM803,
VALEA808,
VALEM808,
VALEA292,
VALEM292,
VALEA833,
VALEM833,
VALEA883,
VALEM883,
VALEA920,
VALEM920,
VALEA100,
VALEM100,
VALEA104,
VALEM104,
VALEA108,
VALEM108,
VALEA110,
VALEM110,
VALEA112,
VALEM112,
VALEA114,
VALEM114,
VALEA212,
VALEM212,
